name,type,category,os,manufacturer,dnshostname,ip
HP 123,Notebook,Computers,Windows,HP,hostname1,172.25.217.145
HP 124,Notebook,Computers,Windows,HP,hostname2,172.25.217.146
HP 125,Notebook,Computers,Linux,HP,hostname3,172.25.217.147
HP 126,Notebook,Computers,Linux,HP,hostname4,172.25.217.148
Asus 111,Notebook,Computers,Windows,Asus,hostname5,172.25.217.149
Asus 112,Notebook,Computers,Windows,Asus,hostname6,172.25.217.150
Asus 113,Notebook,Computers,Windows,Asus,hostname7,172.25.217.151
Asus 114,Notebook,Computers,Windows,Asus,hostname8,172.25.217.152
Asus 115,Notebook,Computers,Linux,Asus,hostname9,172.25.217.153
Dell 100,Desktop,Computers,Linux,Dell,hostname10,172.25.217.154
Dell 101,Desktop,Computers,Linux,Dell,hostname11,172.25.217.155
Dell 102,Desktop,Computers,Windows,Dell,hostname12,172.25.217.156
Dell 103,Desktop,Computers,Windows,Dell,hostname13,172.25.217.157
Dell 104,Desktop,Computers,Windows,Dell,hostname14,172.25.217.158
Dell 105,Desktop,Computers,Windows,Dell,hostname15,172.25.217.159
Dell 106,Server,Computers,Linux,Dell,hostname16,172.25.217.160
Dell 107,Server,Computers,Linux,Dell,hostname17,172.25.217.161
Dell 108,Server,Computers,Linux,Dell,hostname18,172.25.217.162
Dell 109,Server,Computers,Linux,Dell,hostname19,172.25.217.163
Dell 110,Server,Computers,Linux,Dell,hostname20,172.25.217.164
Dell 111,Server,Computers,Linux,Dell,hostname21,172.25.217.165
VM1,VM,Virtualized,Unix,Vmware,hostname22,172.25.217.166
VM2,VM,Virtualized,Unix,Vmware,hostname23,172.25.217.167
VM3,VM,Virtualized,Unix,Vmware,hostname24,172.25.217.168
VM4,VM,Virtualized,Unix,Microsoft,hostname25,172.25.217.169
VM5,VM,Virtualized,Unix,Microsoft,hostname26,172.25.217.170
VM6,VM,Virtualized,Unix,Microsoft,hostname27,172.25.217.171
VM7,VM,Virtualized,Unix,Microsoft,hostname28,172.25.217.172
VM8,VM,Virtualized,Unix,Microsoft,hostname29,172.25.217.173
VM9,VM,Virtualized,Unix,Microsoft,hostname30,172.25.217.174
VM10,Cloud Instance,Virtualized,Unix,Vmware,hostname31,172.25.217.175
VM11,Cloud Instance,Virtualized,Unix,Vmware,hostname32,172.25.217.176
VM12,Cloud Instance,Virtualized,Unix,AWS,hostname33,172.25.217.177
VM13,Cloud Instance,Virtualized,Unix,AWS,hostname34,172.25.217.178
SWTCH1,Switch,Networking,Other,Cisco,hostname35,172.25.217.179
SWTCH2,Switch,Networking,Other,Cisco,hostname36,172.25.217.180
SWTCH3,Switch,Networking,Other,Cisco,hostname37,172.25.217.181
SWTCH4,Switch,Networking,Other,Cisco,hostname38,172.25.217.182
SWTCH5,Switch,Networking,Other,Cisco,hostname39,172.25.217.183
Router1,Router,Networking,Other,Cisco,hostname40,172.25.217.184
Router2,Router,Networking,Other,Cisco,hostname41,172.25.217.185
Router3,Router,Networking,Other,Cisco,hostname42,172.25.217.186
Router4,Router,Networking,Other,Cisco,hostname43,172.25.217.187
HDD1,HDD,Storage,Windows,Samsung,hostname95,172.25.218.139
HDD2,HDD,Storage,Windows,Samsung,hostname96,172.25.218.140
HDD3,HDD,Storage,Windows,Samsung,hostname97,172.25.218.141
HDD4,HDD,Storage,Windows,Samsung,hostname98,172.25.218.142
HDD5,HDD,Storage,Windows,Samsung,hostname99,172.25.218.143
HDD6,HDD,Storage,Windows,Samsung,hostname100,172.25.218.144
MAC1,Notebook,Computers,MAC OS,Apple,hostname101,172.25.218.145
MAC2,Notebook,Computers,MAC OS,Apple,hostname102,172.25.218.146
MAC3,Notebook,Computers,MAC OS,Apple,hostname103,172.25.218.147
MAC4,Notebook,Computers,MAC OS,Apple,hostname104,172.25.218.148
MAC5,Notebook,Computers,MAC OS,Apple,hostname105,172.25.218.149
MAC6,Notebook,Computers,MAC OS,Apple,hostname106,172.25.218.150
MAC7,Notebook,Computers,MAC OS,Apple,hostname107,172.25.218.151
