device_id,sw_name,publisher,category,license_type,version,eol
1,Windows 10,Microsoft,OS,C,10.1,2025-05-12
1,Adobe Reader,Adobe,App,C,10.2,2025-05-13
1,Oracle DB,Oracle,Database,C,11.2,2025-05-14
2,Windows 10,Microsoft,OS,C,12.2,2025-05-15
2,Adobe Reader,Adobe,App,C,13.2,2025-05-16
2,Oracle DB,Oracle,Database,C,14.2,2025-05-17
3,Ubuntu,Ubuntu,OS,C,15.2,2021-05-17
3,Adobe Reader,Adobe,App,C,16.2,2021-05-18
3,Oracle DB,Oracle,Database,C,17.2,2021-05-19
4,Ubuntu,Ubuntu,OS,C,18.2,2021-05-20
4,Oracle DB,Oracle,Database,C,19.2,2021-05-21
5,Windows 7,Microsoft,OS,C,20.2,2021-05-22
6,Windows 8,Microsoft,OS,C,21.2,2021-05-23
7,Windows 10,Microsoft,OS,C,22.2,2021-05-24
8,Windows 10,Microsoft,OS,C,23.2,2021-05-25
9,Windows 10,Microsoft,OS,C,1.1,2021-05-26
10,Windows 10,Microsoft,OS,C,2.1,2021-05-27
11,Windows 10,Microsoft,OS,C,3.1,2021-05-28
12,Windows 10,Microsoft,OS,C,4.1,2021-05-29
13,Windows 10,Microsoft,OS,C,5.1,2021-05-30
14,Windows 10,Microsoft,OS,C,6.1,2021-05-31
15,Windows 10,Microsoft,OS,C,7.1,2021-06-01
16,Windows 10,Microsoft,OS,C,8.1,2021-06-02
17,Ubuntu,Ubuntu,OS,C,9.1,2021-06-03
18,Ubuntu,Ubuntu,OS,C,10.1,2021-06-04
19,Ubuntu,Ubuntu,OS,C,11.1,2021-06-05
20,Ubuntu,Ubuntu,OS,C,12.1,2021-06-06
21,Ubuntu,Ubuntu,OS,C,1.1,2021-06-07
22,Ubuntu,Ubuntu,OS,C,1.1,2021-06-08
23,Oracle DB,Oracle,Database,C,1.1,2021-06-09
24,Oracle DB,Oracle,Database,C,1.1,2021-06-10
25,Oracle DB,Oracle,Database,C,1.1,2021-06-11
26,Oracle DB,Oracle,Database,C,1.1,2021-06-12
27,Oracle DB,Oracle,Database,C,1.1,2021-06-13
28,Oracle DB,Oracle,Database,C,1.1,2021-06-14
29,MySQL,Microsoft,Database,C,1.1,2021-06-15
30,MySQL,Microsoft,Database,C,1.1,2021-06-16
31,MySQL,Microsoft,Database,C,1.1,2021-06-17
32,MySQL,Microsoft,Database,C,1.1,2021-06-18
32,MySQL,Microsoft,Database,C,1.1,2021-06-19
32,MySQL,Microsoft,Database,C,1.1,2021-06-20
32,Wireshark,Wireshark,Networking,O,1.1,2021-06-21
32,Wireshark,Wireshark,Networking,O,2.1,2022-06-22
32,Wireshark,Wireshark,Networking,O,2.1,2022-06-23
32,Wireshark,Wireshark,Networking,O,2.1,2022-06-24
32,Wireshark,Wireshark,Networking,O,2.1,2022-06-25
33,Wireshark,Wireshark,Networking,O,2.1,2022-06-26
34,Wireshark,Wireshark,Networking,O,2.1,2022-06-27
35,Wireshark,Wireshark,Networking,O,2.1,2022-06-28
36,Wireshark,Wireshark,Networking,O,2.1,2022-06-29
37,Wireshark,Wireshark,Networking,O,2.1,2022-06-30
38,Wireshark,Wireshark,Networking,O,2.1,2022-07-01
39,Wireshark,Wireshark,Networking,O,2.1,2022-07-02
40,Wireshark,Wireshark,Networking,O,2.1,2022-07-03
40,Visual Studio,Microsoft,App,C,2.1,2022-07-04
41,Visual Studio,Microsoft,App,C,2.1,2022-07-05
42,Visual Studio,Microsoft,App,C,2.1,2022-07-06
43,Visual Studio,Microsoft,App,C,2.1,2022-07-07
44,Visual Studio,Microsoft,App,C,2.1,2021-07-08
45,Visual Studio,Microsoft,App,C,2.1,2021-07-09
46,Visual Studio,Microsoft,App,C,2.1,2021-07-10
47,Visual Studio,Microsoft,App,C,2.1,2021-07-11
48,Visual Studio,Microsoft,App,C,2.1,2021-07-12
49,Visual Studio,Microsoft,App,C,2.1,2021-07-13
50,Visual Studio,Microsoft,App,C,2.1,2021-07-14
52,MAC OS,Apple,OS,C,2.1,2021-07-15
53,MAC OS,Apple,OS,C,2.1,2021-07-16
54,MAC OS,Apple,OS,C,2.1,2021-07-17
55,MAC OS,Apple,OS,C,2.1,2021-07-18
56,MAC OS,Apple,OS,C,2.1,2021-07-19
1,Putty,Putty,Networking,O,2.1,2021-07-20
2,Putty,Putty,Networking,O,2.1,2021-07-21
3,Putty,Putty,Networking,O,2.1,2021-07-22
4,Putty,Putty,Networking,O,2.1,2021-07-23
5,Putty,Putty,Networking,O,2.1,2021-07-24
6,Putty,Putty,Networking,O,2.1,2021-07-25
7,Putty,Putty,Networking,O,2.1,2021-07-26
8,Putty,Putty,Networking,O,2.1,2021-07-27
9,Putty,Putty,Networking,O,2.1,2021-07-28
10,Putty,Putty,Networking,O,2.1,2021-07-29
11,Putty,Putty,Networking,O,2.1,2021-07-30
12,Putty,Putty,Networking,O,2.1,2021-07-31
13,Putty,Putty,Networking,O,2.1,2021-08-01
14,Putty,Putty,Networking,O,2.1,2021-08-02
15,Putty,Putty,Networking,O,2.1,2021-08-03
1,PyCharm,JetBrains,App,C,2.1,2021-08-04
2,PyCharm,JetBrains,App,C,2.1,2021-08-05
3,PyCharm,JetBrains,App,C,2.1,2021-08-06
4,PyCharm,JetBrains,App,C,2.1,2021-08-07
5,PyCharm,JetBrains,App,C,2.1,2021-08-08
6,PyCharm,JetBrains,App,C,2.1,2021-08-09
7,PyCharm,JetBrains,App,C,2.1,2021-08-10
8,PyCharm,JetBrains,App,C,2.1,2021-08-11
9,PyCharm,JetBrains,App,C,2.1,2021-08-12
10,PyCharm,JetBrains,App,C,2.1,2021-08-13
11,PyCharm,JetBrains,App,C,2.1,2021-08-14
12,PyCharm,JetBrains,App,C,2.1,2021-08-15
13,PyCharm,JetBrains,App,C,2.1,2021-08-16
14,PyCharm,JetBrains,App,C,2.1,2021-08-17
15,PyCharm,JetBrains,App,C,2.1,2021-08-18
16,PyCharm,JetBrains,App,C,2.1,2021-08-19
17,PyCharm,JetBrains,App,C,2.1,2021-08-20
